loss,mae,val_loss,val_mae,lr
4.542407989501953,4.542407989501953,4.577706813812256,4.577706813812256,0.001
3.892324209213257,3.892324447631836,3.3049018383026123,3.3049018383026123,0.001
2.8839523792266846,2.8839523792266846,2.383108615875244,2.383108615875244,0.001
2.298086404800415,2.298086404800415,2.0920286178588867,2.0920286178588867,0.001
2.11128306388855,2.11128306388855,2.010258197784424,2.010258197784424,0.001
2.0436947345733643,2.0436947345733643,1.8594526052474976,1.8594526052474976,0.001
1.98457932472229,1.98457932472229,1.8942461013793945,1.8942461013793945,0.001
1.9467741250991821,1.9467741250991821,1.9346449375152588,1.9346446990966797,0.001
1.9287410974502563,1.9287410974502563,1.7947437763214111,1.7947437763214111,0.001
1.8830621242523193,1.8830621242523193,1.8198184967041016,1.8198184967041016,0.001
1.8444277048110962,1.8444277048110962,1.6968683004379272,1.6968683004379272,0.001
1.8227499723434448,1.8227499723434448,1.6571815013885498,1.6571815013885498,0.001
1.8002402782440186,1.8002402782440186,1.6611461639404297,1.6611461639404297,0.001
1.789013385772705,1.789013385772705,1.7017970085144043,1.7017970085144043,0.001
1.7709505558013916,1.7709505558013916,1.6601756811141968,1.6601756811141968,0.001
1.766369104385376,1.766369104385376,1.5966136455535889,1.5966136455535889,0.001
1.7513256072998047,1.7513256072998047,1.5890345573425293,1.5890345573425293,0.001
1.7405283451080322,1.7405283451080322,1.575073003768921,1.575073003768921,0.001
1.7208961248397827,1.7208961248397827,1.5478483438491821,1.5478483438491821,0.001
1.7108923196792603,1.7108923196792603,1.5415071249008179,1.5415071249008179,0.001
1.7172999382019043,1.7172999382019043,1.588647723197937,1.588647723197937,0.001
1.7016652822494507,1.7016652822494507,1.53676176071167,1.53676176071167,0.001
1.6931244134902954,1.6931244134902954,1.5165984630584717,1.5165984630584717,0.001
1.6989073753356934,1.6989073753356934,1.5746173858642578,1.5746173858642578,0.001
1.6935495138168335,1.6935495138168335,1.5486054420471191,1.5486054420471191,0.001
1.692526936531067,1.692526936531067,1.5062578916549683,1.5062578916549683,0.001
1.6777756214141846,1.6777756214141846,1.5193110704421997,1.5193110704421997,0.001
1.6744270324707031,1.6744270324707031,1.527916669845581,1.527916669845581,0.001
1.6640923023223877,1.6640923023223877,1.5405112504959106,1.5405112504959106,0.001
1.6566828489303589,1.6566828489303589,1.5313634872436523,1.5313634872436523,0.001
1.6642192602157593,1.6642192602157593,1.5185573101043701,1.5185573101043701,0.001
1.6596925258636475,1.6596925258636475,1.513847827911377,1.513847827911377,0.001
1.656432867050171,1.656432867050171,1.4613351821899414,1.4613351821899414,0.001
1.643403172492981,1.643403172492981,1.4993833303451538,1.4993833303451538,0.001
1.6507959365844727,1.6507959365844727,1.5007600784301758,1.5007600784301758,0.001
1.6477134227752686,1.6477134227752686,1.5397765636444092,1.5397765636444092,0.001
1.6442270278930664,1.6442270278930664,1.4684503078460693,1.4684503078460693,0.001
1.6349642276763916,1.6349642276763916,1.498416781425476,1.498416781425476,0.001
1.6396437883377075,1.6396437883377075,1.4985402822494507,1.4985402822494507,0.001
1.6326576471328735,1.6326576471328735,1.5118095874786377,1.5118095874786377,0.001
1.6377155780792236,1.6377155780792236,1.4825115203857422,1.4825115203857422,0.001
1.627976894378662,1.627976894378662,1.4676237106323242,1.4676237106323242,0.001
1.6168437004089355,1.6168437004089355,1.4620041847229004,1.4620041847229004,0.001
1.622679591178894,1.622679591178894,1.5015852451324463,1.5015852451324463,0.001
1.644211769104004,1.644211769104004,1.4758954048156738,1.4758954048156738,0.001
1.628111481666565,1.628111481666565,1.4761788845062256,1.4761788845062256,0.001
1.6401875019073486,1.6401875019073486,1.4918925762176514,1.4918925762176514,0.001
1.6306625604629517,1.6306625604629517,1.4722226858139038,1.4722226858139038,0.001
1.6306250095367432,1.6306250095367432,1.5218676328659058,1.5218676328659058,0.001
1.6208043098449707,1.6208043098449707,1.4859445095062256,1.4859445095062256,0.001
1.6201393604278564,1.6201393604278564,1.4709478616714478,1.4709478616714478,0.001
1.609144926071167,1.609144926071167,1.4504538774490356,1.4504538774490356,0.001
1.6176027059555054,1.6176027059555054,1.4898264408111572,1.4898264408111572,0.001
1.603722333908081,1.603722333908081,1.4621219635009766,1.4621219635009766,0.001
1.6159088611602783,1.6159088611602783,1.5049691200256348,1.5049691200256348,0.001
1.6174442768096924,1.6174442768096924,1.4732458591461182,1.4732458591461182,0.001
1.611215353012085,1.611215353012085,1.4724842309951782,1.4724842309951782,0.001
1.6093536615371704,1.6093536615371704,1.4730101823806763,1.4730101823806763,0.001
1.6110562086105347,1.6110562086105347,1.4519559144973755,1.4519559144973755,0.001
1.599609613418579,1.599609613418579,1.482567548751831,1.482567548751831,0.001
1.607643723487854,1.607643723487854,1.4782497882843018,1.4782497882843018,0.001
1.6037890911102295,1.6037890911102295,1.4403412342071533,1.4403412342071533,0.001
1.6004782915115356,1.6004782915115356,1.4836636781692505,1.4836636781692505,0.001
1.596874475479126,1.596874475479126,1.455586314201355,1.455586314201355,0.001
1.5934455394744873,1.5934455394744873,1.4520131349563599,1.4520131349563599,0.001
1.5900777578353882,1.5900777578353882,1.450812816619873,1.450812816619873,0.001
1.5922566652297974,1.5922566652297974,1.4542561769485474,1.4542561769485474,0.001
1.5964159965515137,1.5964159965515137,1.4508861303329468,1.4508861303329468,0.001
1.5854829549789429,1.5854829549789429,1.4403005838394165,1.4403005838394165,0.001
1.5997544527053833,1.5997544527053833,1.4668155908584595,1.4668155908584595,0.001
1.5896931886672974,1.5896931886672974,1.4860702753067017,1.4860702753067017,0.001
1.5849268436431885,1.5849268436431885,1.4438831806182861,1.4438831806182861,0.001
1.5857642889022827,1.5857642889022827,1.4447345733642578,1.4447345733642578,0.001
1.5981086492538452,1.5981086492538452,1.4981976747512817,1.4981976747512817,0.001
1.5839424133300781,1.5839424133300781,1.4397120475769043,1.4397120475769043,0.001
1.5838872194290161,1.5838872194290161,1.46947181224823,1.46947181224823,0.001
1.582647681236267,1.582647681236267,1.478378415107727,1.478378415107727,0.001
1.5854140520095825,1.5854140520095825,1.4409615993499756,1.4409615993499756,0.001
1.5775878429412842,1.5775878429412842,1.42868971824646,1.42868971824646,0.001
1.5742039680480957,1.5742039680480957,1.4448068141937256,1.4448068141937256,0.001
1.5847992897033691,1.5847992897033691,1.4872767925262451,1.4872767925262451,0.001
1.5757169723510742,1.5757169723510742,1.4463061094284058,1.4463061094284058,0.001
1.5829633474349976,1.5829633474349976,1.4928076267242432,1.4928076267242432,0.001
1.5684568881988525,1.5684568881988525,1.452278971672058,1.452278971672058,0.001
1.5947872400283813,1.5947872400283813,1.4678752422332764,1.4678752422332764,0.001
1.57518470287323,1.57518470287323,1.4478387832641602,1.4478387832641602,0.001
1.5795881748199463,1.5795881748199463,1.4550304412841797,1.4550304412841797,0.001
1.5762399435043335,1.5762399435043335,1.4229474067687988,1.4229474067687988,0.001
1.5639123916625977,1.5639123916625977,1.4572709798812866,1.4572709798812866,0.001
1.5744881629943848,1.5744881629943848,1.4316169023513794,1.4316169023513794,0.001
1.567942500114441,1.567942500114441,1.4549247026443481,1.4549247026443481,0.001
1.568143367767334,1.568143367767334,1.441514015197754,1.441514015197754,0.001
1.5631307363510132,1.5631307363510132,1.440097451210022,1.440097451210022,0.001
1.565854787826538,1.565854787826538,1.4707832336425781,1.4707832336425781,0.001
1.5629795789718628,1.5629795789718628,1.4307506084442139,1.4307506084442139,0.001
1.5691936016082764,1.5691936016082764,1.4548351764678955,1.4548351764678955,0.001
1.5680551528930664,1.5680551528930664,1.4332367181777954,1.4332367181777954,0.001
1.5656712055206299,1.5656712055206299,1.4454100131988525,1.4454100131988525,0.001
1.5650930404663086,1.5650930404663086,1.4309848546981812,1.4309848546981812,0.001
1.5614367723464966,1.5614367723464966,1.4413199424743652,1.4413199424743652,0.001
1.5658645629882812,1.5658645629882812,1.442645788192749,1.442645788192749,0.001
1.5646090507507324,1.5646090507507324,1.433327555656433,1.433327555656433,0.001
1.5523700714111328,1.5523700714111328,1.481397271156311,1.481397271156311,0.001
1.5561877489089966,1.5561877489089966,1.479555606842041,1.479555606842041,0.001
1.5508604049682617,1.5508604049682617,1.459094524383545,1.459094524383545,0.001
1.5519661903381348,1.5519661903381348,1.4286178350448608,1.4286178350448608,0.001
1.5584133863449097,1.5584133863449097,1.447579026222229,1.447579026222229,0.001
1.5560497045516968,1.5560497045516968,1.4413620233535767,1.4413620233535767,0.001
1.557729721069336,1.557729721069336,1.426338791847229,1.426338791847229,0.001
1.5555528402328491,1.5555528402328491,1.4473185539245605,1.4473185539245605,0.001
1.5515965223312378,1.5515965223312378,1.4556689262390137,1.4556689262390137,0.001
1.5567971467971802,1.5567971467971802,1.4631843566894531,1.4631843566894531,0.001
1.5479283332824707,1.5479283332824707,1.4563466310501099,1.4563466310501099,0.001
1.5462596416473389,1.5462596416473389,1.464788556098938,1.464788556098938,0.001
1.5489705801010132,1.5489705801010132,1.4311809539794922,1.4311809539794922,0.001
1.5485914945602417,1.5485914945602417,1.4334001541137695,1.4334001541137695,0.001
1.545578956604004,1.545578956604004,1.4366384744644165,1.4366384744644165,0.001
1.5478885173797607,1.5478885173797607,1.4420902729034424,1.4420902729034424,0.001
1.5415618419647217,1.5415618419647217,1.4513148069381714,1.4513148069381714,0.001
1.5428252220153809,1.5428252220153809,1.4437651634216309,1.4437651634216309,0.001
1.546378254890442,1.546378254890442,1.4317448139190674,1.4317448139190674,0.001
1.5420277118682861,1.5420277118682861,1.4535988569259644,1.4535988569259644,0.001
1.5365182161331177,1.5365182161331177,1.4124948978424072,1.4124948978424072,0.001
1.5359269380569458,1.5359269380569458,1.4445278644561768,1.4445278644561768,0.001
1.540678858757019,1.540678858757019,1.4209961891174316,1.4209961891174316,0.001
1.5356953144073486,1.5356953144073486,1.4308794736862183,1.4308794736862183,0.001
1.5347033739089966,1.5347033739089966,1.4317034482955933,1.4317034482955933,0.001
1.5344048738479614,1.5344048738479614,1.4280016422271729,1.4280016422271729,0.001
1.5268694162368774,1.5268694162368774,1.4333076477050781,1.4333076477050781,0.001
1.5336815118789673,1.5336815118789673,1.4413491487503052,1.4413491487503052,0.001
1.5223993062973022,1.5223993062973022,1.4389839172363281,1.4389839172363281,0.001
1.5312429666519165,1.5312429666519165,1.4485604763031006,1.4485604763031006,0.001
1.5289686918258667,1.5289686918258667,1.4243196249008179,1.4243196249008179,0.001
1.5311317443847656,1.5311317443847656,1.436621904373169,1.436621904373169,0.001
1.5349702835083008,1.5349702835083008,1.456209659576416,1.456209659576416,0.001
1.5349634885787964,1.5349634885787964,1.4317134618759155,1.4317134618759155,0.001
1.531833529472351,1.531833529472351,1.4427965879440308,1.4427965879440308,0.001
1.531066656112671,1.531066656112671,1.4340803623199463,1.4340803623199463,0.001
1.5367249250411987,1.5367249250411987,1.4378896951675415,1.4378896951675415,0.001
1.5161324739456177,1.5161324739456177,1.4411555528640747,1.4411555528640747,0.001
1.5328795909881592,1.5328795909881592,1.4307079315185547,1.4307079315185547,0.001
1.5263068675994873,1.5263068675994873,1.425916314125061,1.425916314125061,0.001
1.530934453010559,1.530934453010559,1.4597004652023315,1.4597004652023315,0.001
1.5234172344207764,1.5234172344207764,1.4377284049987793,1.4377284049987793,0.001
1.5365451574325562,1.5365451574325562,1.4610639810562134,1.4610639810562134,0.001
1.526322841644287,1.526322841644287,1.459420919418335,1.459420919418335,0.001
1.5219553709030151,1.5219553709030151,1.4249540567398071,1.4249540567398071,0.001
1.515186071395874,1.515186071395874,1.432164192199707,1.432164192199707,0.001
1.5202511548995972,1.5202511548995972,1.454895257949829,1.454895257949829,0.001
1.5186842679977417,1.5186842679977417,1.443306803703308,1.443306803703308,0.001
1.5184847116470337,1.5184847116470337,1.4450695514678955,1.4450695514678955,0.001
1.5145105123519897,1.5145105123519897,1.4335805177688599,1.4335805177688599,0.001
1.515146017074585,1.515146017074585,1.4327346086502075,1.4327346086502075,0.001
1.5175144672393799,1.5175144672393799,1.4310524463653564,1.4310524463653564,0.001
1.5208481550216675,1.5208481550216675,1.448037028312683,1.448037028312683,0.001
1.5230002403259277,1.5230002403259277,1.4560648202896118,1.4560648202896118,0.001
1.5170058012008667,1.5170058012008667,1.4428861141204834,1.4428861141204834,0.001
1.507203221321106,1.507203221321106,1.4668105840682983,1.4668105840682983,0.001
1.5176923274993896,1.5176923274993896,1.4273003339767456,1.4273003339767456,0.001
1.5180935859680176,1.5180935859680176,1.45790696144104,1.45790696144104,0.001
1.5173239707946777,1.5173239707946777,1.4497454166412354,1.4497454166412354,0.001
1.5152407884597778,1.5152407884597778,1.4271148443222046,1.4271148443222046,0.001
1.5079708099365234,1.5079708099365234,1.4291133880615234,1.4291133880615234,0.001
1.5090949535369873,1.5090949535369873,1.4169421195983887,1.4169421195983887,0.001
1.5072218179702759,1.5072218179702759,1.438222885131836,1.438222885131836,0.001
1.510127067565918,1.510127067565918,1.4487972259521484,1.4487972259521484,0.001
1.5127789974212646,1.5127789974212646,1.4494261741638184,1.4494261741638184,0.001
1.5043528079986572,1.5043528079986572,1.4257197380065918,1.4257197380065918,0.001
1.5085686445236206,1.5085686445236206,1.4177390336990356,1.4177390336990356,0.001
1.4961274862289429,1.4961274862289429,1.4302533864974976,1.4302533864974976,0.001
1.5106182098388672,1.5106182098388672,1.4315249919891357,1.4315249919891357,0.001
1.5115975141525269,1.5115975141525269,1.424770474433899,1.424770474433899,0.001
1.4962373971939087,1.4962373971939087,1.436806559562683,1.436806559562683,0.001
1.501430630683899,1.501430630683899,1.4477218389511108,1.4477218389511108,0.001
1.502630591392517,1.502630591392517,1.4354095458984375,1.4354095458984375,0.001
1.5047317743301392,1.5047317743301392,1.4353762865066528,1.4353762865066528,0.001
1.5032936334609985,1.5032936334609985,1.419006586074829,1.419006586074829,0.001
1.4957153797149658,1.4957153797149658,1.418271541595459,1.418271541595459,0.001
1.4934947490692139,1.4934947490692139,1.4234619140625,1.4234619140625,0.001
1.4989436864852905,1.4989436864852905,1.4268561601638794,1.4268561601638794,0.001
1.5004429817199707,1.5004429817199707,1.4435641765594482,1.4435641765594482,0.001
1.5047255754470825,1.5047255754470825,1.4247634410858154,1.4247634410858154,0.001
1.50495183467865,1.50495183467865,1.4515422582626343,1.4515422582626343,0.001
1.4986615180969238,1.4986615180969238,1.4210454225540161,1.4210454225540161,0.001
1.4835394620895386,1.4835394620895386,1.4505339860916138,1.4505339860916138,0.001
1.5061498880386353,1.5061498880386353,1.4525671005249023,1.4525671005249023,0.001
1.4875805377960205,1.4875805377960205,1.4528402090072632,1.4528402090072632,0.001
1.4994827508926392,1.4994827508926392,1.4285888671875,1.4285888671875,0.001
1.4895625114440918,1.4895625114440918,1.4275895357131958,1.4275895357131958,0.001
1.4993689060211182,1.4993689060211182,1.4360167980194092,1.4360167980194092,0.001
1.4969021081924438,1.4969021081924438,1.413088321685791,1.413088321685791,0.001
1.4844938516616821,1.4844938516616821,1.426220178604126,1.426220178604126,0.001
1.4864282608032227,1.4864282608032227,1.4170923233032227,1.4170923233032227,0.001
1.4934436082839966,1.4934436082839966,1.4234596490859985,1.4234596490859985,0.001
1.4872863292694092,1.4872863292694092,1.4337282180786133,1.4337282180786133,0.001
1.4920129776000977,1.4920129776000977,1.4225672483444214,1.4225672483444214,0.001
1.482542634010315,1.482542634010315,1.4342375993728638,1.4342375993728638,0.001
1.4760215282440186,1.4760215282440186,1.4218947887420654,1.4218947887420654,0.001
1.492560863494873,1.492560863494873,1.4100643396377563,1.4100643396377563,0.001
1.4871090650558472,1.4871090650558472,1.4311262369155884,1.4311262369155884,0.001
1.4915066957473755,1.4915066957473755,1.4399375915527344,1.4399375915527344,0.001
1.4836366176605225,1.4836366176605225,1.4268498420715332,1.4268498420715332,0.001
1.479997158050537,1.479997158050537,1.4291054010391235,1.4291054010391235,0.001
1.484451413154602,1.484451413154602,1.4227781295776367,1.4227781295776367,0.001
1.4838335514068604,1.4838335514068604,1.431020736694336,1.431020736694336,0.001
1.4914454221725464,1.4914454221725464,1.4224504232406616,1.4224504232406616,0.001
1.4939186573028564,1.4939186573028564,1.4329347610473633,1.4329347610473633,0.001
1.4807138442993164,1.4807138442993164,1.4327284097671509,1.4327284097671509,0.001
1.486304521560669,1.486304521560669,1.426701307296753,1.426701307296753,0.001
1.4880315065383911,1.4880315065383911,1.4151484966278076,1.4151484966278076,0.001
1.4807062149047852,1.4807062149047852,1.4326584339141846,1.4326584339141846,0.001
1.4841715097427368,1.4841715097427368,1.4316242933273315,1.4316242933273315,0.001
1.4844305515289307,1.4844305515289307,1.4172039031982422,1.4172039031982422,0.001
1.4748733043670654,1.4748733043670654,1.4246457815170288,1.4246457815170288,0.001
1.4830288887023926,1.4830288887023926,1.4086459875106812,1.4086459875106812,0.001
1.4729620218276978,1.4729620218276978,1.4327222108840942,1.4327222108840942,0.001
1.4758844375610352,1.4758844375610352,1.4364205598831177,1.4364205598831177,0.001
1.483830213546753,1.483830213546753,1.425930142402649,1.425930142402649,0.001
1.4716103076934814,1.4716103076934814,1.4251335859298706,1.4251335859298706,0.001
1.479762315750122,1.479762315750122,1.4339399337768555,1.4339399337768555,0.001
1.4777036905288696,1.4777036905288696,1.4577115774154663,1.4577115774154663,0.001
1.4754669666290283,1.4754669666290283,1.410757064819336,1.410757064819336,0.001
1.4829422235488892,1.4829422235488892,1.4323077201843262,1.4323077201843262,0.001
1.475457787513733,1.475457787513733,1.4232044219970703,1.4232044219970703,0.001
1.4717357158660889,1.4717357158660889,1.4458750486373901,1.4458750486373901,0.001
1.477126121520996,1.477126121520996,1.4279550313949585,1.4279550313949585,0.001
1.469135046005249,1.469135046005249,1.4422765970230103,1.4422765970230103,0.001
1.4721635580062866,1.4721635580062866,1.4204946756362915,1.4204946756362915,0.001
1.4691381454467773,1.4691381454467773,1.4279382228851318,1.4279382228851318,0.001
1.472327470779419,1.472327470779419,1.4281150102615356,1.4281150102615356,0.001
1.4695605039596558,1.4695605039596558,1.4376970529556274,1.4376970529556274,0.001
1.4606636762619019,1.4606636762619019,1.4115813970565796,1.4115813970565796,0.001
1.4640032052993774,1.4640032052993774,1.4081528186798096,1.4081528186798096,0.001
1.4697833061218262,1.4697833061218262,1.4151809215545654,1.4151809215545654,0.001
1.4728959798812866,1.4728959798812866,1.431078314781189,1.431078314781189,0.001
1.4684553146362305,1.4684553146362305,1.457531452178955,1.457531452178955,0.001
1.4759796857833862,1.4759796857833862,1.4164270162582397,1.4164270162582397,0.001
1.4705345630645752,1.4705345630645752,1.4232778549194336,1.4232778549194336,0.001
1.469545841217041,1.469545841217041,1.4224849939346313,1.4224849939346313,0.001
1.4659619331359863,1.4659619331359863,1.4300029277801514,1.4300029277801514,0.001
1.4696629047393799,1.4696629047393799,1.4132635593414307,1.4132635593414307,0.001
1.4677608013153076,1.4677608013153076,1.4157363176345825,1.4157363176345825,0.001
1.4735835790634155,1.4735835790634155,1.4442474842071533,1.4442474842071533,0.001
1.4595078229904175,1.4595078229904175,1.4350048303604126,1.4350048303604126,0.001
1.463624358177185,1.463624358177185,1.4222967624664307,1.4222967624664307,0.001
1.4694397449493408,1.4694397449493408,1.4159290790557861,1.4159290790557861,0.001
1.4653592109680176,1.4653592109680176,1.4230856895446777,1.4230856895446777,0.001
1.462699055671692,1.462699055671692,1.4210857152938843,1.4210857152938843,0.001
1.461249828338623,1.461249828338623,1.4242055416107178,1.4242055416107178,0.001
1.4617658853530884,1.4617658853530884,1.4207842350006104,1.4207842350006104,0.001
1.459200382232666,1.459200382232666,1.4324672222137451,1.4324672222137451,0.001
1.4623245000839233,1.4623245000839233,1.4194629192352295,1.4194629192352295,0.001
1.464234471321106,1.464234471321106,1.419281244277954,1.419281244277954,0.001
1.461254596710205,1.461254596710205,1.4375780820846558,1.4375780820846558,0.001
1.4611449241638184,1.4611449241638184,1.4146310091018677,1.4146310091018677,0.001
1.466382384300232,1.466382384300232,1.4193223714828491,1.4193223714828491,0.001
1.4554517269134521,1.4554517269134521,1.404320240020752,1.404320240020752,0.001
1.447259545326233,1.447259545326233,1.4253789186477661,1.4253789186477661,0.001
1.4615222215652466,1.4615222215652466,1.4206610918045044,1.4206610918045044,0.001
1.4676499366760254,1.4676499366760254,1.403476357460022,1.403476357460022,0.001
1.4590243101119995,1.4590243101119995,1.4550373554229736,1.4550373554229736,0.001
1.4610400199890137,1.4610400199890137,1.4207870960235596,1.4207870960235596,0.001
1.448201298713684,1.448201298713684,1.4229549169540405,1.4229549169540405,0.001
1.4573519229888916,1.4573519229888916,1.428788185119629,1.428788185119629,0.001
1.4551535844802856,1.4551535844802856,1.4250640869140625,1.4250640869140625,0.001
1.4548588991165161,1.4548588991165161,1.416964054107666,1.416964054107666,0.001
1.4565552473068237,1.4565552473068237,1.426956295967102,1.426956295967102,0.001
1.4638404846191406,1.4638404846191406,1.4340075254440308,1.4340075254440308,0.001
1.459797739982605,1.459797739982605,1.4369442462921143,1.4369442462921143,0.001
1.4531538486480713,1.4531538486480713,1.4239310026168823,1.4239310026168823,0.001
1.4520148038864136,1.4520148038864136,1.4135308265686035,1.4135308265686035,0.001
1.4556643962860107,1.4556643962860107,1.416330337524414,1.416330337524414,0.001
1.4540507793426514,1.4540507793426514,1.4112286567687988,1.4112286567687988,0.001
1.4556443691253662,1.4556443691253662,1.4368174076080322,1.4368174076080322,0.001
1.4487594366073608,1.4487594366073608,1.4122563600540161,1.4122563600540161,0.001
1.4455153942108154,1.4455153942108154,1.4191672801971436,1.4191672801971436,0.001
1.4568238258361816,1.4568238258361816,1.4282212257385254,1.4282212257385254,0.001
1.4529865980148315,1.4529865980148315,1.4165676832199097,1.4165676832199097,0.001
1.453895926475525,1.453895926475525,1.4238264560699463,1.4238264560699463,0.001
1.4506500959396362,1.4506500959396362,1.4107290506362915,1.4107290506362915,0.001
1.454949975013733,1.454949975013733,1.4411245584487915,1.4411245584487915,0.001
1.4559606313705444,1.4559606313705444,1.4165719747543335,1.4165719747543335,0.001
1.4504585266113281,1.4504585266113281,1.4216639995574951,1.4216639995574951,0.001
1.4549528360366821,1.4549528360366821,1.4190150499343872,1.4190150499343872,0.001
1.447668194770813,1.447668194770813,1.4298423528671265,1.4298423528671265,0.001
1.4456923007965088,1.4456923007965088,1.4400217533111572,1.4400217533111572,0.001
1.4527441263198853,1.4527441263198853,1.4212861061096191,1.4212861061096191,0.001
1.461000919342041,1.461000919342041,1.412563681602478,1.412563681602478,0.001
1.4506511688232422,1.4506511688232422,1.4144940376281738,1.4144940376281738,0.001
1.4415825605392456,1.4415825605392456,1.416578769683838,1.416578769683838,0.001
1.4401849508285522,1.4401849508285522,1.4057239294052124,1.4057239294052124,0.001
1.4507908821105957,1.4507908821105957,1.4270596504211426,1.4270596504211426,0.001
1.459057331085205,1.459057331085205,1.406968355178833,1.406968355178833,0.001
1.4439992904663086,1.4439992904663086,1.4149645566940308,1.4149645566940308,0.001
1.4448493719100952,1.4448493719100952,1.4241453409194946,1.4241453409194946,0.001
1.4416941404342651,1.4416941404342651,1.4291017055511475,1.4291017055511475,0.001
1.4450119733810425,1.4450119733810425,1.4421392679214478,1.4421392679214478,0.001
1.4384222030639648,1.4384222030639648,1.4202847480773926,1.4202847480773926,0.001
1.4479273557662964,1.4479273557662964,1.4272912740707397,1.4272912740707397,0.001
1.4445548057556152,1.4445548057556152,1.4088388681411743,1.4088388681411743,0.001
1.4385329484939575,1.4385329484939575,1.4324685335159302,1.4324685335159302,0.001
1.4455260038375854,1.4455260038375854,1.4228764772415161,1.4228764772415161,0.001
1.4455246925354004,1.4455246925354004,1.4121145009994507,1.4121145009994507,0.001
1.4471404552459717,1.4471404552459717,1.4178060293197632,1.4178060293197632,0.001
1.4452077150344849,1.4452077150344849,1.4134503602981567,1.4134503602981567,0.001
1.4437166452407837,1.4437166452407837,1.4152488708496094,1.4152488708496094,0.001
1.445648193359375,1.445648193359375,1.4095920324325562,1.4095920324325562,0.001
1.4489772319793701,1.4489772319793701,1.4263744354248047,1.4263744354248047,0.001
1.4464083909988403,1.4464083909988403,1.4232587814331055,1.4232587814331055,0.001
1.4453431367874146,1.4453431367874146,1.4143264293670654,1.4143264293670654,0.001
1.4468011856079102,1.4468011856079102,1.4222561120986938,1.4222561120986938,0.001
1.440490961074829,1.440490961074829,1.4341180324554443,1.4341180324554443,0.001
1.4388134479522705,1.4388134479522705,1.4242560863494873,1.4242560863494873,0.001
1.4377260208129883,1.4377260208129883,1.4113322496414185,1.4113322496414185,0.001
1.4427272081375122,1.4427272081375122,1.4361968040466309,1.4361968040466309,0.001
1.4390612840652466,1.4390612840652466,1.4199435710906982,1.4199435710906982,0.001
1.4353477954864502,1.4353477954864502,1.4379973411560059,1.4379973411560059,0.001
1.4385030269622803,1.4385030269622803,1.4247790575027466,1.4247790575027466,0.001
1.4427682161331177,1.4427682161331177,1.4355865716934204,1.4355865716934204,0.001
1.4363276958465576,1.4363276958465576,1.4259870052337646,1.4259870052337646,0.001
1.4293330907821655,1.4293330907821655,1.427240252494812,1.427240252494812,0.001
1.437604546546936,1.437604546546936,1.4128307104110718,1.4128307104110718,0.001
1.4406601190567017,1.4406601190567017,1.4308960437774658,1.4308960437774658,0.001
1.4439892768859863,1.4439892768859863,1.4313102960586548,1.4313102960586548,0.001
1.4329639673233032,1.4329639673233032,1.4351085424423218,1.4351085424423218,0.001
1.4309425354003906,1.4309425354003906,1.4272936582565308,1.4272936582565308,0.001
1.4435516595840454,1.4435516595840454,1.4492948055267334,1.4492948055267334,0.001
1.432749629020691,1.432749629020691,1.4247702360153198,1.4247702360153198,0.001
1.438892126083374,1.438892126083374,1.4197688102722168,1.4197688102722168,0.001
1.4336590766906738,1.4336590766906738,1.4314829111099243,1.4314829111099243,0.001
1.4422463178634644,1.4422463178634644,1.4353365898132324,1.4353365898132324,0.001
1.4381816387176514,1.4381816387176514,1.4207769632339478,1.4207769632339478,0.001
1.4394736289978027,1.4394736289978027,1.4263081550598145,1.4263081550598145,0.001
1.428694248199463,1.428694248199463,1.41956627368927,1.41956627368927,0.001
1.4412600994110107,1.4412600994110107,1.4330506324768066,1.4330506324768066,0.001
1.4332321882247925,1.4332321882247925,1.415934681892395,1.415934681892395,0.001
1.431593894958496,1.431593894958496,1.4189153909683228,1.4189153909683228,0.001
1.4329948425292969,1.4329948425292969,1.4367425441741943,1.4367425441741943,0.001
1.4340437650680542,1.4340437650680542,1.4370425939559937,1.4370425939559937,0.001
1.4323475360870361,1.4323475360870361,1.425009846687317,1.425009846687317,0.001
1.4370886087417603,1.4370886087417603,1.418704628944397,1.418704628944397,0.001
1.4268004894256592,1.4268004894256592,1.4284288883209229,1.4284288883209229,0.001
1.4281885623931885,1.4281885623931885,1.4184678792953491,1.4184678792953491,0.001
1.4349308013916016,1.4349308013916016,1.4432324171066284,1.4432324171066284,0.001
1.4332005977630615,1.4332005977630615,1.4329440593719482,1.4329440593719482,0.001
1.4393410682678223,1.4393410682678223,1.4105641841888428,1.4105641841888428,0.001
1.4325894117355347,1.4325894117355347,1.4351203441619873,1.4351203441619873,0.001
1.4263113737106323,1.4263113737106323,1.424761176109314,1.424761176109314,0.001
1.4267812967300415,1.4267812967300415,1.4434494972229004,1.4434494972229004,0.001
1.4278851747512817,1.4278851747512817,1.4281827211380005,1.4281827211380005,0.001
1.4288232326507568,1.4288232326507568,1.4295486211776733,1.4295486211776733,0.001
1.4236587285995483,1.4236587285995483,1.456080675125122,1.456080675125122,0.001
1.4278439283370972,1.4278439283370972,1.4160237312316895,1.4160237312316895,0.001
1.4253545999526978,1.4253545999526978,1.4205788373947144,1.4205788373947144,0.001
1.4268648624420166,1.4268648624420166,1.4349627494812012,1.4349627494812012,0.001
1.4363882541656494,1.4363882541656494,1.414273977279663,1.414273977279663,0.001
1.427622675895691,1.427622675895691,1.433229923248291,1.433229923248291,0.001
1.4298962354660034,1.4298962354660034,1.417031168937683,1.417031168937683,0.001
1.429342269897461,1.429342269897461,1.4336040019989014,1.4336040019989014,0.001
1.428909182548523,1.428909182548523,1.4343310594558716,1.4343310594558716,0.001
1.4250773191452026,1.4250773191452026,1.4136345386505127,1.4136345386505127,0.001
1.4213972091674805,1.4213972091674805,1.4302968978881836,1.4302968978881836,0.001
1.4187238216400146,1.4187238216400146,1.4191192388534546,1.4191192388534546,0.001
1.4248466491699219,1.4248466491699219,1.4363561868667603,1.4363561868667603,0.001
1.4172698259353638,1.4172698259353638,1.4281948804855347,1.4281948804855347,0.001
1.4205807447433472,1.4205807447433472,1.436643362045288,1.436643362045288,0.001
1.4270933866500854,1.4270933866500854,1.4313137531280518,1.4313137531280518,0.001
1.431340217590332,1.431340217590332,1.4260363578796387,1.4260363578796387,0.001
1.4144158363342285,1.4144158363342285,1.4226146936416626,1.4226146936416626,0.001
1.4107160568237305,1.4107160568237305,1.4328221082687378,1.4328221082687378,0.001
1.4235358238220215,1.4235358238220215,1.4301894903182983,1.4301894903182983,0.001
1.4256858825683594,1.4256858825683594,1.433410882949829,1.433410882949829,0.001
1.4215757846832275,1.4215757846832275,1.435965657234192,1.435965657234192,0.001
1.4208704233169556,1.4208704233169556,1.4407473802566528,1.4407473802566528,0.001
1.4230058193206787,1.4230058193206787,1.4253201484680176,1.4253201484680176,0.001
1.4205036163330078,1.4205036163330078,1.4254618883132935,1.4254618883132935,0.001
1.423980712890625,1.423980712890625,1.4414448738098145,1.4414448738098145,0.001
1.4255181550979614,1.4255181550979614,1.420592188835144,1.420592188835144,0.001
1.4253159761428833,1.4253159761428833,1.421618938446045,1.421618938446045,0.001
1.4199647903442383,1.4199647903442383,1.4427056312561035,1.4427056312561035,0.001
1.4236295223236084,1.4236295223236084,1.4213906526565552,1.4213906526565552,0.001
1.4176197052001953,1.4176197052001953,1.425588607788086,1.425588607788086,0.001
1.4171041250228882,1.4171041250228882,1.4287381172180176,1.4287381172180176,0.001
1.417159914970398,1.417159914970398,1.4299659729003906,1.4299659729003906,0.001
1.4292138814926147,1.4292138814926147,1.4258036613464355,1.4258036613464355,0.001
1.4257991313934326,1.4257991313934326,1.421830415725708,1.421830415725708,0.001
1.4178379774093628,1.4178379774093628,1.4413740634918213,1.4413740634918213,0.001
1.4113699197769165,1.4113699197769165,1.4317060708999634,1.4317060708999634,0.001
1.4352831840515137,1.4352831840515137,1.4328078031539917,1.4328078031539917,0.001
1.4200211763381958,1.4200211763381958,1.4381624460220337,1.4381624460220337,0.001
1.4178858995437622,1.4178858995437622,1.4230046272277832,1.4230046272277832,0.001
1.4138346910476685,1.4138346910476685,1.4269623756408691,1.4269623756408691,0.001
1.4183870553970337,1.4183870553970337,1.4335031509399414,1.4335031509399414,0.001
1.4218969345092773,1.4218969345092773,1.4325505495071411,1.4325505495071411,0.001
1.414493441581726,1.414493441581726,1.4405893087387085,1.4405893087387085,0.001
1.4124064445495605,1.4124064445495605,1.4249048233032227,1.4249048233032227,0.001
1.4022672176361084,1.4022672176361084,1.4263159036636353,1.4263159036636353,0.001
1.4117437601089478,1.4117437601089478,1.4278799295425415,1.4278799295425415,0.001
1.4143918752670288,1.4143918752670288,1.438629388809204,1.438629388809204,0.001
1.4135228395462036,1.4135228395462036,1.4339042901992798,1.4339042901992798,0.001
1.4231057167053223,1.4231057167053223,1.4306145906448364,1.4306145906448364,0.001
1.419632077217102,1.419632077217102,1.4257738590240479,1.4257738590240479,0.00099835
1.415877103805542,1.415877103805542,1.4329184293746948,1.4329184293746948,0.0009967
1.4112310409545898,1.4112310409545898,1.4407689571380615,1.4407689571380615,0.00099505
1.4070571660995483,1.4070571660995483,1.4319355487823486,1.4319355487823486,0.0009934
1.4179131984710693,1.4179131984710693,1.4467602968215942,1.4467602968215942,0.00099175
1.4089114665985107,1.4089114665985107,1.4492145776748657,1.4492145776748657,0.0009901
1.4200416803359985,1.4200416803359985,1.4261881113052368,1.4261881113052368,0.00098845
1.4124754667282104,1.4124754667282104,1.4418399333953857,1.4418399333953857,0.0009868
1.4123897552490234,1.4123897552490234,1.4354355335235596,1.4354355335235596,0.00098515
1.408705472946167,1.408705472946167,1.4210240840911865,1.4210240840911865,0.0009835
1.4281001091003418,1.4281001091003418,1.4355597496032715,1.4355597496032715,0.00098185
1.4170435667037964,1.4170435667037964,1.428471326828003,1.428471326828003,0.0009802
1.4148207902908325,1.4148207902908325,1.4405823945999146,1.4405823945999146,0.00097855
1.4201298952102661,1.4201298952102661,1.434741497039795,1.434741497039795,0.0009769
1.4095951318740845,1.4095951318740845,1.4245227575302124,1.4245227575302124,0.00097525
1.4255504608154297,1.4255504608154297,1.435207486152649,1.435207486152649,0.0009736
1.4074534177780151,1.4074534177780151,1.4321022033691406,1.4321022033691406,0.00097195
1.4038416147232056,1.4038416147232056,1.4260101318359375,1.4260101318359375,0.0009703
1.405404806137085,1.405404806137085,1.4253958463668823,1.4253958463668823,0.00096865
1.4040873050689697,1.4040873050689697,1.4379281997680664,1.4379281997680664,0.000967
1.4144551753997803,1.4144551753997803,1.4260836839675903,1.4260836839675903,0.00096535
1.4123387336730957,1.4123387336730957,1.450173258781433,1.450173258781433,0.0009637
1.4101802110671997,1.4101802110671997,1.4617044925689697,1.4617044925689697,0.00096205
1.4062583446502686,1.4062583446502686,1.423685073852539,1.423685073852539,0.0009604
1.4089473485946655,1.4089473485946655,1.435056447982788,1.435056447982788,0.00095875
1.4066098928451538,1.4066098928451538,1.433059811592102,1.433059811592102,0.0009571
1.4162874221801758,1.4162874221801758,1.4448162317276,1.4448162317276,0.00095545
1.4119737148284912,1.4119737148284912,1.4414609670639038,1.4414609670639038,0.0009538
1.4124085903167725,1.4124085903167725,1.4345910549163818,1.4345910549163818,0.00095215
1.4032198190689087,1.4032198190689087,1.4311615228652954,1.4311615228652954,0.0009505
1.4117286205291748,1.4117286205291748,1.4394179582595825,1.4394179582595825,0.00094885
1.4003628492355347,1.4003628492355347,1.4487056732177734,1.4487056732177734,0.0009472
1.4044945240020752,1.4044945240020752,1.4416531324386597,1.4416531324386597,0.00094555
1.400126576423645,1.400126576423645,1.4367010593414307,1.4367010593414307,0.0009439
1.408395767211914,1.408395767211914,1.433222770690918,1.433222770690918,0.00094225
1.414156198501587,1.414156198501587,1.4686273336410522,1.4686273336410522,0.0009406
1.4042657613754272,1.4042657613754272,1.4441291093826294,1.4441291093826294,0.00093895
1.40920090675354,1.40920090675354,1.4332820177078247,1.4332820177078247,0.0009373
1.4053808450698853,1.4053808450698853,1.433343768119812,1.433343768119812,0.00093565
1.401929259300232,1.401929259300232,1.4252266883850098,1.4252266883850098,0.000934
1.4095784425735474,1.4095784425735474,1.4467957019805908,1.4467957019805908,0.00093235
1.4038841724395752,1.4038841724395752,1.4376721382141113,1.4376721382141113,0.0009307
1.4083675146102905,1.4083675146102905,1.432123064994812,1.432123064994812,0.00092905
1.4012435674667358,1.4012435674667358,1.4400408267974854,1.4400408267974854,0.0009274
1.4002819061279297,1.4002819061279297,1.4493885040283203,1.4493885040283203,0.00092575
1.4039835929870605,1.4039835929870605,1.4534584283828735,1.4534584283828735,0.0009241
1.410672664642334,1.410672664642334,1.4370545148849487,1.4370545148849487,0.00092245
1.400635004043579,1.400635004043579,1.4497185945510864,1.4497185945510864,0.0009208
1.4070699214935303,1.4070699214935303,1.4463437795639038,1.4463437795639038,0.00091915
1.3978708982467651,1.3978708982467651,1.4341081380844116,1.4341081380844116,0.0009175
1.4007384777069092,1.4007384777069092,1.4311467409133911,1.4311467409133911,0.00091585
1.4011310338974,1.4011310338974,1.4513827562332153,1.4513827562332153,0.0009142
1.4040358066558838,1.4040358066558838,1.4350942373275757,1.4350942373275757,0.00091255
1.4057468175888062,1.4057468175888062,1.446302890777588,1.446302890777588,0.0009109
1.4064260721206665,1.4064260721206665,1.452739953994751,1.452739953994751,0.00090925
1.3975692987442017,1.3975692987442017,1.4457076787948608,1.4457076787948608,0.0009076
1.392439365386963,1.392439365386963,1.4478867053985596,1.4478867053985596,0.00090595
1.4021005630493164,1.4021005630493164,1.4515334367752075,1.4515334367752075,0.0009043
1.3993741273880005,1.3993741273880005,1.4345077276229858,1.4345077276229858,0.00090265
1.3975223302841187,1.3975223302841187,1.4564383029937744,1.4564383029937744,0.000901
1.3973584175109863,1.3973584175109863,1.4335565567016602,1.4335565567016602,0.00089935
1.3963830471038818,1.3963830471038818,1.4372230768203735,1.4372230768203735,0.0008977
1.4014009237289429,1.4014009237289429,1.4524693489074707,1.4524693489074707,0.00089605
1.4079244136810303,1.4079244136810303,1.4351861476898193,1.4351861476898193,0.0008944
1.3899180889129639,1.3899180889129639,1.4387023448944092,1.4387023448944092,0.00089275
1.396627426147461,1.396627426147461,1.4381855726242065,1.4381855726242065,0.0008911
1.4005850553512573,1.4005850553512573,1.4415384531021118,1.4415384531021118,0.00088945
1.3992762565612793,1.3992762565612793,1.4681885242462158,1.4681885242462158,0.0008878
1.3929314613342285,1.3929314613342285,1.4446243047714233,1.4446243047714233,0.00088615
1.3884243965148926,1.3884243965148926,1.4484599828720093,1.4484599828720093,0.0008845
1.399688720703125,1.399688720703125,1.4449959993362427,1.4449959993362427,0.00088285
1.3934926986694336,1.3934926986694336,1.4587793350219727,1.4587793350219727,0.0008812
1.4022215604782104,1.4022215604782104,1.459448218345642,1.459448218345642,0.00087955
1.3947679996490479,1.3947679996490479,1.4393049478530884,1.4393049478530884,0.0008779
1.3854942321777344,1.3854942321777344,1.4405462741851807,1.4405462741851807,0.00087625
1.395607829093933,1.395607829093933,1.4360849857330322,1.4360849857330322,0.0008746
1.4003400802612305,1.4003400802612305,1.4455316066741943,1.4455316066741943,0.00087295
1.3941104412078857,1.3941104412078857,1.4492460489273071,1.4492460489273071,0.0008713
1.395330548286438,1.395330548286438,1.469043493270874,1.469043493270874,0.00086965
1.3967164754867554,1.3967164754867554,1.449927568435669,1.449927568435669,0.000868
1.3990960121154785,1.3990960121154785,1.4503545761108398,1.4503545761108398,0.00086635
1.3904075622558594,1.3904075622558594,1.4517942667007446,1.4517942667007446,0.0008647
1.3816311359405518,1.3816311359405518,1.448587417602539,1.448587417602539,0.00086305
1.3989230394363403,1.3989230394363403,1.4456737041473389,1.4456737041473389,0.0008614
1.3922713994979858,1.3922713994979858,1.4376903772354126,1.4376903772354126,0.00085975
1.3901727199554443,1.3901727199554443,1.4547479152679443,1.4547479152679443,0.0008581
1.3895596265792847,1.3895596265792847,1.436138391494751,1.436138391494751,0.00085645
1.38686203956604,1.38686203956604,1.4602121114730835,1.4602121114730835,0.0008548
1.3924119472503662,1.3924119472503662,1.4369721412658691,1.4369721412658691,0.00085315
1.3854373693466187,1.3854373693466187,1.454525351524353,1.454525351524353,0.0008515
1.4027891159057617,1.4027891159057617,1.4540374279022217,1.4540374279022217,0.00084985
1.389875054359436,1.389875054359436,1.4688808917999268,1.4688808917999268,0.0008482
1.3965840339660645,1.3965840339660645,1.439195990562439,1.439195990562439,0.00084655
1.3970584869384766,1.3970584869384766,1.4420104026794434,1.4420104026794434,0.0008449
1.398561954498291,1.398561954498291,1.4490673542022705,1.4490673542022705,0.00084325
1.3864778280258179,1.3864778280258179,1.45309317111969,1.45309317111969,0.0008416
1.3847196102142334,1.3847196102142334,1.4505468606948853,1.4505468606948853,0.00083995
1.389461636543274,1.389461636543274,1.446796178817749,1.446796178817749,0.0008383
1.3882914781570435,1.3882914781570435,1.4359805583953857,1.4359805583953857,0.00083665
1.392393946647644,1.392393946647644,1.450873613357544,1.450873613357544,0.000835
1.3927961587905884,1.3927961587905884,1.4423894882202148,1.4423894882202148,0.00083335
1.3864805698394775,1.3864805698394775,1.431852102279663,1.431852102279663,0.0008317
1.3899506330490112,1.3899506330490112,1.4537804126739502,1.4537804126739502,0.00083005
1.3957483768463135,1.3957483768463135,1.4552103281021118,1.4552103281021118,0.0008284
1.39687180519104,1.39687180519104,1.4582520723342896,1.4582520723342896,0.00082675
1.3887168169021606,1.3887168169021606,1.451609492301941,1.451609492301941,0.0008251
1.3910397291183472,1.3910397291183472,1.4416426420211792,1.4416426420211792,0.00082345
1.3777445554733276,1.3777445554733276,1.4413363933563232,1.4413363933563232,0.0008218
1.392342209815979,1.392342209815979,1.4436287879943848,1.4436287879943848,0.00082015
1.3911634683609009,1.3911634683609009,1.4446518421173096,1.4446518421173096,0.0008185
1.3823381662368774,1.3823381662368774,1.4366002082824707,1.4366002082824707,0.00081685
1.3813157081604004,1.3813157081604004,1.444779872894287,1.444779872894287,0.0008152
1.3912862539291382,1.3912862539291382,1.4516957998275757,1.4516957998275757,0.00081355
1.3813960552215576,1.3813960552215576,1.4451946020126343,1.4451946020126343,0.0008119
1.3828177452087402,1.3828177452087402,1.4504690170288086,1.4504690170288086,0.00081025
1.3809598684310913,1.3809598684310913,1.445015788078308,1.445015788078308,0.0008086
1.3793208599090576,1.3793208599090576,1.4541001319885254,1.4541001319885254,0.00080695
1.3809740543365479,1.3809740543365479,1.4444780349731445,1.4444780349731445,0.0008053
1.3922151327133179,1.3922151327133179,1.4558327198028564,1.4558327198028564,0.00080365
1.3939460515975952,1.3939460515975952,1.4392249584197998,1.4392249584197998,0.000802
1.38419508934021,1.38419508934021,1.4422328472137451,1.4422328472137451,0.00080035
1.3904298543930054,1.3904298543930054,1.4503989219665527,1.4503989219665527,0.0007987
1.3870595693588257,1.3870595693588257,1.4533159732818604,1.4533159732818604,0.00079705
1.3884227275848389,1.3884227275848389,1.4400413036346436,1.4400413036346436,0.0007954
1.3855775594711304,1.3855775594711304,1.454922080039978,1.454922080039978,0.00079375
1.378029465675354,1.378029465675354,1.454435110092163,1.454435110092163,0.0007921
1.3854129314422607,1.3854129314422607,1.4450620412826538,1.4450620412826538,0.00079045
1.3777953386306763,1.3777953386306763,1.4572404623031616,1.4572404623031616,0.0007888
1.3833032846450806,1.3833032846450806,1.457828164100647,1.457828164100647,0.00078715
1.3845109939575195,1.3845109939575195,1.4368244409561157,1.4368244409561157,0.0007855
1.3799940347671509,1.3799940347671509,1.446736216545105,1.446736216545105,0.00078385
1.3861900568008423,1.3861900568008423,1.4434003829956055,1.4434003829956055,0.0007822
1.3798924684524536,1.3798924684524536,1.4551817178726196,1.4551817178726196,0.00078055
1.3749268054962158,1.3749268054962158,1.4487366676330566,1.4487366676330566,0.0007789
1.3796900510787964,1.3796900510787964,1.4361357688903809,1.4361357688903809,0.00077725
1.3745061159133911,1.3745061159133911,1.4374276399612427,1.4374276399612427,0.0007756
1.3767025470733643,1.3767025470733643,1.4485849142074585,1.4485849142074585,0.00077395
1.380883812904358,1.380883812904358,1.4548791646957397,1.4548791646957397,0.0007723
1.3693373203277588,1.3693373203277588,1.4386335611343384,1.4386335611343384,0.00077065
1.37752103805542,1.37752103805542,1.4354076385498047,1.4354076385498047,0.000769
1.3755415678024292,1.3755415678024292,1.4344706535339355,1.4344706535339355,0.00076735
1.385731816291809,1.385731816291809,1.4516154527664185,1.4516154527664185,0.0007657
1.3814517259597778,1.3814517259597778,1.4436867237091064,1.4436867237091064,0.00076405
1.3714454174041748,1.3714454174041748,1.4611561298370361,1.4611561298370361,0.0007624
1.3766674995422363,1.3766674995422363,1.4473142623901367,1.4473142623901367,0.00076075
1.3848532438278198,1.3848532438278198,1.4507336616516113,1.4507336616516113,0.0007591
1.3820358514785767,1.3820358514785767,1.4523088932037354,1.4523088932037354,0.00075745
1.3777382373809814,1.3777382373809814,1.443813681602478,1.443813681602478,0.0007558
1.3697437047958374,1.3697437047958374,1.449862003326416,1.449862003326416,0.00075415
1.3788495063781738,1.3788495063781738,1.457906723022461,1.457906723022461,0.0007525
1.3832582235336304,1.3832582235336304,1.4533888101577759,1.4533888101577759,0.00075085
1.3762794733047485,1.3762794733047485,1.4594745635986328,1.4594745635986328,0.0007492
1.3844521045684814,1.3844521045684814,1.4386413097381592,1.4386413097381592,0.00074755
1.3711901903152466,1.3711901903152466,1.4484738111495972,1.4484738111495972,0.0007459
1.3812133073806763,1.3812133073806763,1.4470422267913818,1.4470422267913818,0.00074425
1.3716322183609009,1.3716322183609009,1.4572250843048096,1.4572250843048096,0.0007426
1.3832597732543945,1.3832597732543945,1.4471126794815063,1.4471126794815063,0.00074095
1.3791757822036743,1.3791757822036743,1.4473408460617065,1.4473408460617065,0.0007393
1.374192714691162,1.374192714691162,1.456906795501709,1.456906795501709,0.00073765
1.3795734643936157,1.3795734643936157,1.4375473260879517,1.4375473260879517,0.000736
1.3753582239151,1.3753582239151,1.4550886154174805,1.4550886154174805,0.00073435
1.3821316957473755,1.3821316957473755,1.4567570686340332,1.4567570686340332,0.0007327
1.3755481243133545,1.3755481243133545,1.4443655014038086,1.4443655014038086,0.00073105
1.3778127431869507,1.3778127431869507,1.4453033208847046,1.4453033208847046,0.0007294
1.366127848625183,1.366127848625183,1.4578077793121338,1.4578077793121338,0.00072775
1.3774323463439941,1.3774323463439941,1.452310562133789,1.452310562133789,0.0007261
1.3793022632598877,1.3793022632598877,1.455471158027649,1.455471158027649,0.00072445
1.369678020477295,1.369678020477295,1.4362863302230835,1.4362863302230835,0.0007228
1.372306227684021,1.372306227684021,1.4499468803405762,1.4499468803405762,0.00072115
1.3736987113952637,1.3736987113952637,1.4511264562606812,1.4511264562606812,0.0007195
1.3710049390792847,1.3710049390792847,1.4532930850982666,1.4532930850982666,0.00071785
1.3771953582763672,1.3771953582763672,1.4474939107894897,1.4474939107894897,0.0007162
1.3895084857940674,1.3895084857940674,1.4494932889938354,1.4494932889938354,0.00071455
1.3652751445770264,1.3652751445770264,1.4444953203201294,1.4444953203201294,0.0007129
1.3731814622879028,1.3731814622879028,1.4554738998413086,1.4554738998413086,0.00071125
1.3780766725540161,1.3780766725540161,1.4484772682189941,1.4484772682189941,0.0007096
1.3678224086761475,1.3678224086761475,1.4360874891281128,1.4360874891281128,0.00070795
1.368587851524353,1.368587851524353,1.4438236951828003,1.4438236951828003,0.0007063
1.3707342147827148,1.3707342147827148,1.4446755647659302,1.4446755647659302,0.00070465
1.3694013357162476,1.3694013357162476,1.4555466175079346,1.4555466175079346,0.000703
1.370820164680481,1.370820164680481,1.4418832063674927,1.4418832063674927,0.00070135
1.3723093271255493,1.3723093271255493,1.4513859748840332,1.4513859748840332,0.0006997
1.3657721281051636,1.3657721281051636,1.4567545652389526,1.4567545652389526,0.00069805
1.370187520980835,1.370187520980835,1.4427653551101685,1.4427653551101685,0.0006964
1.3689496517181396,1.3689496517181396,1.4623279571533203,1.4623279571533203,0.00069475
1.3727706670761108,1.3727706670761108,1.4489891529083252,1.4489891529083252,0.0006931
1.3616580963134766,1.3616580963134766,1.461337685585022,1.461337685585022,0.00069145
1.3719987869262695,1.3719987869262695,1.4497276544570923,1.4497276544570923,0.0006898
1.3671414852142334,1.3671414852142334,1.444602131843567,1.444602131843567,0.00068815
1.3723832368850708,1.3723832368850708,1.4506146907806396,1.4506146907806396,0.0006865
1.3624300956726074,1.3624300956726074,1.4403859376907349,1.4403859376907349,0.00068485
1.366845965385437,1.366845965385437,1.4467207193374634,1.4467207193374634,0.0006832
1.3632766008377075,1.3632766008377075,1.4615331888198853,1.4615331888198853,0.00068155
1.3721661567687988,1.3721661567687988,1.4476840496063232,1.4476840496063232,0.0006799
1.3795558214187622,1.3795558214187622,1.4555983543395996,1.4555983543395996,0.00067825
1.3760573863983154,1.3760573863983154,1.4484421014785767,1.4484421014785767,0.0006766
1.3724329471588135,1.3724329471588135,1.4457720518112183,1.4457720518112183,0.00067495
1.3620535135269165,1.3620535135269165,1.4568895101547241,1.4568895101547241,0.0006733
1.3815563917160034,1.3815563917160034,1.4467732906341553,1.4467732906341553,0.00067165
1.3696118593215942,1.3696118593215942,1.4537087678909302,1.4537087678909302,0.00067
1.377441167831421,1.377441167831421,1.451653242111206,1.451653242111206,0.00066835
1.3690851926803589,1.3690851926803589,1.4475222826004028,1.4475222826004028,0.0006667
1.369566798210144,1.369566798210144,1.4413719177246094,1.4413719177246094,0.00066505
1.3717862367630005,1.3717862367630005,1.4480571746826172,1.4480571746826172,0.0006634
1.364770770072937,1.364770770072937,1.4509063959121704,1.4509063959121704,0.00066175
1.3720566034317017,1.3720566034317017,1.4479867219924927,1.4479867219924927,0.0006601
1.3656506538391113,1.3656506538391113,1.4559441804885864,1.4559441804885864,0.00065845
1.370039463043213,1.370039463043213,1.446571946144104,1.446571946144104,0.0006568
1.3705401420593262,1.3705401420593262,1.4472887516021729,1.4472887516021729,0.00065515
1.3627935647964478,1.3627935647964478,1.4544132947921753,1.4544132947921753,0.0006535
1.3617141246795654,1.3617141246795654,1.4517853260040283,1.4517853260040283,0.00065185
1.3642117977142334,1.3642117977142334,1.448787808418274,1.448787808418274,0.0006502
1.3648804426193237,1.3648804426193237,1.4421461820602417,1.4421461820602417,0.00064855
1.36448335647583,1.36448335647583,1.4509902000427246,1.4509902000427246,0.0006469
1.3634496927261353,1.3634496927261353,1.4446226358413696,1.4446226358413696,0.00064525
1.3650468587875366,1.3650468587875366,1.4569345712661743,1.4569345712661743,0.0006436
1.3653234243392944,1.3653234243392944,1.4485684633255005,1.4485684633255005,0.00064195
1.3591469526290894,1.3591469526290894,1.4538655281066895,1.4538655281066895,0.0006403
1.3661797046661377,1.3661797046661377,1.4457728862762451,1.4457728862762451,0.00063865
1.3641364574432373,1.3641364574432373,1.4511616230010986,1.4511616230010986,0.000637
1.3618358373641968,1.3618358373641968,1.4601870775222778,1.4601870775222778,0.00063535
1.371103048324585,1.371103048324585,1.4512475728988647,1.4512475728988647,0.0006337
1.3618024587631226,1.3618024587631226,1.4512419700622559,1.4512419700622559,0.00063205
1.3642109632492065,1.3642109632492065,1.457708716392517,1.457708716392517,0.0006304
1.362170934677124,1.362170934677124,1.4661105871200562,1.4661105871200562,0.00062875
1.361474871635437,1.361474871635437,1.4546176195144653,1.4546176195144653,0.0006271
1.35951566696167,1.35951566696167,1.4452307224273682,1.4452307224273682,0.00062545
1.364266276359558,1.364266276359558,1.4593961238861084,1.4593961238861084,0.0006238
1.352929711341858,1.352929711341858,1.4547308683395386,1.4547308683395386,0.00062215
1.354581356048584,1.354581356048584,1.4452975988388062,1.4452975988388062,0.0006205
1.353237271308899,1.353237271308899,1.450331687927246,1.450331687927246,0.00061885
1.3698055744171143,1.3698053359985352,1.451544165611267,1.451544165611267,0.0006172
1.374427080154419,1.374427080154419,1.4544315338134766,1.4544315338134766,0.00061555
1.3664394617080688,1.3664394617080688,1.462531566619873,1.462531566619873,0.0006139
1.3604031801223755,1.3604031801223755,1.4536621570587158,1.4536621570587158,0.00061225
1.3619073629379272,1.3619073629379272,1.445381999015808,1.445381999015808,0.0006106
1.352030634880066,1.352030634880066,1.4561004638671875,1.4561004638671875,0.00060895
1.35546875,1.35546875,1.4502092599868774,1.4502092599868774,0.0006073
1.3610013723373413,1.3610014915466309,1.4474124908447266,1.4474124908447266,0.00060565
1.3531534671783447,1.3531534671783447,1.4493428468704224,1.4493428468704224,0.000604
1.3639333248138428,1.3639333248138428,1.450107216835022,1.450107216835022,0.00060235
1.3558698892593384,1.3558698892593384,1.4526207447052002,1.4526207447052002,0.0006007
1.3513784408569336,1.3513784408569336,1.4491122961044312,1.4491122961044312,0.00059905
1.3568435907363892,1.3568435907363892,1.450197458267212,1.450197458267212,0.0005974
1.3592416048049927,1.3592416048049927,1.4445468187332153,1.4445468187332153,0.00059575
1.3623849153518677,1.3623849153518677,1.4592318534851074,1.4592318534851074,0.0005941
1.351354956626892,1.351354956626892,1.4521687030792236,1.4521687030792236,0.00059245
1.3524879217147827,1.3524879217147827,1.4466562271118164,1.4466562271118164,0.0005908
1.362662672996521,1.362662672996521,1.451295256614685,1.451295256614685,0.00058915
1.3646713495254517,1.3646713495254517,1.4538166522979736,1.4538166522979736,0.0005875
1.3522275686264038,1.3522275686264038,1.4600764513015747,1.4600764513015747,0.00058585
1.3553797006607056,1.3553797006607056,1.4525573253631592,1.4525573253631592,0.0005842
1.3649126291275024,1.3649126291275024,1.4453030824661255,1.4453030824661255,0.00058255
1.3499321937561035,1.3499321937561035,1.4538729190826416,1.4538729190826416,0.0005809
1.3559870719909668,1.3559870719909668,1.4554482698440552,1.4554482698440552,0.00057925
1.364546298980713,1.364546298980713,1.4532790184020996,1.4532790184020996,0.0005776
1.3581558465957642,1.3581558465957642,1.4380706548690796,1.4380706548690796,0.00057595
1.3619884252548218,1.3619884252548218,1.450121283531189,1.450121283531189,0.0005743
1.3584637641906738,1.3584637641906738,1.453144907951355,1.453144907951355,0.00057265
1.3568402528762817,1.3568402528762817,1.446846842765808,1.446846842765808,0.000571
1.3566776514053345,1.3566776514053345,1.4540268182754517,1.4540268182754517,0.00056935
1.3672523498535156,1.3672523498535156,1.4474694728851318,1.4474694728851318,0.0005677
1.3589832782745361,1.3589832782745361,1.4497143030166626,1.4497143030166626,0.00056605
1.3650208711624146,1.3650208711624146,1.4432556629180908,1.4432556629180908,0.0005644
1.3610148429870605,1.3610148429870605,1.4501945972442627,1.4501945972442627,0.00056275
1.3502650260925293,1.3502650260925293,1.4456709623336792,1.4456709623336792,0.0005611
1.352033257484436,1.352033257484436,1.4511730670928955,1.4511730670928955,0.00055945
1.344840168952942,1.344840168952942,1.4582449197769165,1.4582449197769165,0.0005578
1.354140043258667,1.354140043258667,1.4460043907165527,1.4460043907165527,0.00055615
1.363315463066101,1.363315463066101,1.4417505264282227,1.4417505264282227,0.0005545
1.3488293886184692,1.3488293886184692,1.4476999044418335,1.4476999044418335,0.00055285
1.3500127792358398,1.3500127792358398,1.4470466375350952,1.4470466375350952,0.0005512
1.3535473346710205,1.3535473346710205,1.450448751449585,1.450448751449585,0.00054955
1.3540164232254028,1.3540164232254028,1.4437028169631958,1.4437028169631958,0.0005479
1.3517132997512817,1.3517132997512817,1.446610450744629,1.446610450744629,0.00054625
1.358205795288086,1.358205795288086,1.4487112760543823,1.4487112760543823,0.0005446
1.3479127883911133,1.3479127883911133,1.446927785873413,1.446927785873413,0.00054295
1.3446247577667236,1.3446247577667236,1.4548633098602295,1.4548633098602295,0.0005413
1.3551604747772217,1.3551604747772217,1.448195219039917,1.448195219039917,0.00053965
1.3465111255645752,1.3465111255645752,1.4555128812789917,1.4555128812789917,0.000538
1.3522440195083618,1.3522440195083618,1.4549317359924316,1.4549317359924316,0.00053635
1.3541923761367798,1.3541923761367798,1.444200873374939,1.444200873374939,0.0005347
1.3646504878997803,1.3646504878997803,1.445570945739746,1.445570945739746,0.00053305
1.3632011413574219,1.3632011413574219,1.4511427879333496,1.4511427879333496,0.0005314
1.3487521409988403,1.3487521409988403,1.4474238157272339,1.4474238157272339,0.00052975
1.3601367473602295,1.3601367473602295,1.4479798078536987,1.4479798078536987,0.0005281
1.3470572233200073,1.3470572233200073,1.4465553760528564,1.4465553760528564,0.00052645
1.3478736877441406,1.3478736877441406,1.4530788660049438,1.4530788660049438,0.0005248
1.3514418601989746,1.3514418601989746,1.448554277420044,1.448554277420044,0.00052315
1.3505713939666748,1.3505713939666748,1.4469987154006958,1.4469987154006958,0.0005215
1.345223307609558,1.345223307609558,1.4568051099777222,1.4568051099777222,0.00051985
1.3510799407958984,1.3510799407958984,1.4509350061416626,1.4509350061416626,0.0005182
1.3504111766815186,1.3504111766815186,1.4473499059677124,1.4473499059677124,0.00051655
1.3464065790176392,1.3464065790176392,1.466876745223999,1.466876745223999,0.0005149
1.351572036743164,1.351572036743164,1.451332688331604,1.451332688331604,0.00051325
1.347815752029419,1.347815752029419,1.4536818265914917,1.4536818265914917,0.0005116
1.3473745584487915,1.3473745584487915,1.4489437341690063,1.4489437341690063,0.00050995
1.3448922634124756,1.3448922634124756,1.4449751377105713,1.4449751377105713,0.0005083
1.3439364433288574,1.3439364433288574,1.4499998092651367,1.4499998092651367,0.00050665
1.3486171960830688,1.3486171960830688,1.453062891960144,1.453062891960144,0.000505
1.3428003787994385,1.3428003787994385,1.4548753499984741,1.4548753499984741,0.00050335
1.3402776718139648,1.3402776718139648,1.454313039779663,1.454313039779663,0.0005017
1.3434478044509888,1.3434478044509888,1.4533981084823608,1.4533981084823608,0.00050005
1.3406676054000854,1.3406676054000854,1.4520922899246216,1.4520922899246216,0.0004984
1.3431446552276611,1.3431446552276611,1.4450761079788208,1.4450761079788208,0.00049675
1.3449984788894653,1.3449984788894653,1.4407753944396973,1.4407753944396973,0.0004951
1.3455471992492676,1.3455471992492676,1.4559680223464966,1.4559680223464966,0.00049345
1.338769793510437,1.338769793510437,1.4531950950622559,1.4531950950622559,0.0004918
1.3557767868041992,1.3557769060134888,1.4534176588058472,1.4534176588058472,0.00049015
1.3474019765853882,1.3474019765853882,1.4471791982650757,1.4471791982650757,0.0004885
1.345801591873169,1.345801591873169,1.4526652097702026,1.4526652097702026,0.00048685
1.3471322059631348,1.3471322059631348,1.4551501274108887,1.4551501274108887,0.0004852
1.3554062843322754,1.3554062843322754,1.4466602802276611,1.4466602802276611,0.00048355
1.346239447593689,1.346239447593689,1.445624589920044,1.445624589920044,0.0004819
1.3489669561386108,1.3489669561386108,1.4507638216018677,1.4507638216018677,0.00048025
1.3429665565490723,1.3429665565490723,1.4553824663162231,1.4553824663162231,0.0004786
1.3478138446807861,1.3478138446807861,1.4559649229049683,1.4559649229049683,0.00047695
1.3486522436141968,1.3486522436141968,1.4562792778015137,1.4562792778015137,0.0004753
1.3374029397964478,1.3374029397964478,1.4440284967422485,1.4440284967422485,0.00047365
1.3473284244537354,1.3473284244537354,1.446887493133545,1.446887493133545,0.000472
1.3412461280822754,1.3412461280822754,1.4529482126235962,1.4529482126235962,0.00047035
1.3398211002349854,1.3398211002349854,1.4574834108352661,1.4574834108352661,0.0004687
1.355981469154358,1.355981469154358,1.4499105215072632,1.4499105215072632,0.00046705
1.342984676361084,1.342984676361084,1.4613373279571533,1.4613373279571533,0.0004654
1.3485212326049805,1.3485212326049805,1.449576735496521,1.449576735496521,0.00046375
1.3394138813018799,1.3394138813018799,1.4489823579788208,1.4489823579788208,0.0004621
1.3466202020645142,1.3466202020645142,1.4484199285507202,1.4484199285507202,0.00046045
1.344098448753357,1.344098448753357,1.449537992477417,1.449537992477417,0.0004588
1.3437023162841797,1.3437023162841797,1.4618425369262695,1.4618425369262695,0.00045715
1.3490787744522095,1.3490787744522095,1.4514812231063843,1.4514812231063843,0.0004555
1.339193344116211,1.339193344116211,1.4567124843597412,1.4567124843597412,0.00045385
1.346367359161377,1.346367359161377,1.4499255418777466,1.4499255418777466,0.0004522
1.3454253673553467,1.3454253673553467,1.447184681892395,1.447184681892395,0.00045055
1.350062370300293,1.350062370300293,1.4560420513153076,1.4560420513153076,0.0004489
1.3436329364776611,1.3436329364776611,1.4548577070236206,1.4548577070236206,0.00044725
1.3445496559143066,1.3445496559143066,1.451295018196106,1.451295018196106,0.0004456
1.3447999954223633,1.3447999954223633,1.4589909315109253,1.4589909315109253,0.00044395
1.3480209112167358,1.3480209112167358,1.4479035139083862,1.4479035139083862,0.0004423
1.3423571586608887,1.3423571586608887,1.4463300704956055,1.4463300704956055,0.00044065
1.344828486442566,1.344828486442566,1.4539521932601929,1.4539521932601929,0.000439
1.3437936305999756,1.3437936305999756,1.4601613283157349,1.4601613283157349,0.00043735
1.3394817113876343,1.3394817113876343,1.4552116394042969,1.4552116394042969,0.0004357
1.3462191820144653,1.3462191820144653,1.4575444459915161,1.4575444459915161,0.00043405
1.3466278314590454,1.3466278314590454,1.4616583585739136,1.4616583585739136,0.0004324
1.3430880308151245,1.3430880308151245,1.4544984102249146,1.4544984102249146,0.00043075
1.340392827987671,1.340392827987671,1.458588719367981,1.458588719367981,0.0004291
1.3387218713760376,1.3387218713760376,1.45851469039917,1.45851469039917,0.00042745
1.3518277406692505,1.3518277406692505,1.4528467655181885,1.4528467655181885,0.0004258
1.337355613708496,1.337355613708496,1.4552357196807861,1.4552357196807861,0.00042415
1.3555644750595093,1.3555644750595093,1.4529728889465332,1.4529728889465332,0.0004225
1.3373762369155884,1.3373762369155884,1.4608516693115234,1.4608516693115234,0.00042085
1.3397841453552246,1.3397841453552246,1.4547016620635986,1.4547016620635986,0.0004192
1.3399618864059448,1.3399618864059448,1.456253170967102,1.456253170967102,0.00041755
1.3410162925720215,1.3410162925720215,1.4630372524261475,1.4630372524261475,0.0004159
1.344590663909912,1.344590663909912,1.4584242105484009,1.4584242105484009,0.00041425
1.3452860116958618,1.3452860116958618,1.4612534046173096,1.4612534046173096,0.0004126
1.3364707231521606,1.3364707231521606,1.4559237957000732,1.4559237957000732,0.00041095
1.3381731510162354,1.3381731510162354,1.4628865718841553,1.4628865718841553,0.0004093
1.3397483825683594,1.3397483825683594,1.4574153423309326,1.4574153423309326,0.00040765
1.3523205518722534,1.3523205518722534,1.46037757396698,1.46037757396698,0.000406
1.3444839715957642,1.3444839715957642,1.4586349725723267,1.4586349725723267,0.00040435
1.337365746498108,1.337365746498108,1.4542018175125122,1.4542018175125122,0.0004027
1.3500239849090576,1.3500239849090576,1.4600825309753418,1.4600825309753418,0.00040105
1.348001480102539,1.348001480102539,1.459858775138855,1.459858775138855,0.0003994
1.3358319997787476,1.3358319997787476,1.4530339241027832,1.4530339241027832,0.00039775
1.3308366537094116,1.3308366537094116,1.4560908079147339,1.4560908079147339,0.0003961
1.3433120250701904,1.3433120250701904,1.4624958038330078,1.4624958038330078,0.00039445
1.3325632810592651,1.3325632810592651,1.4546997547149658,1.4546997547149658,0.0003928
1.3416050672531128,1.3416050672531128,1.4565671682357788,1.4565671682357788,0.00039115
1.3514149188995361,1.3514149188995361,1.4591492414474487,1.4591492414474487,0.0003895
1.3455603122711182,1.3455603122711182,1.4598498344421387,1.4598498344421387,0.00038785
1.320422887802124,1.320422887802124,1.4610363245010376,1.4610363245010376,0.0003862
1.3417855501174927,1.3417855501174927,1.4614782333374023,1.4614782333374023,0.00038455
1.3481905460357666,1.3481905460357666,1.4517550468444824,1.4517550468444824,0.0003829
1.3391599655151367,1.3391599655151367,1.4577760696411133,1.4577760696411133,0.00038125
1.3410534858703613,1.3410534858703613,1.4522877931594849,1.4522877931594849,0.0003796
1.3425393104553223,1.3425393104553223,1.4551498889923096,1.4551498889923096,0.00037795
1.3460146188735962,1.3460146188735962,1.4542651176452637,1.4542651176452637,0.0003763
1.3504514694213867,1.3504514694213867,1.4582836627960205,1.4582836627960205,0.00037465
1.3326517343521118,1.3326517343521118,1.4553965330123901,1.4553965330123901,0.000373
1.346226453781128,1.346226453781128,1.4613173007965088,1.4613173007965088,0.00037135
1.3389222621917725,1.3389222621917725,1.4595831632614136,1.4595831632614136,0.0003697
1.33675217628479,1.33675217628479,1.4595454931259155,1.4595454931259155,0.00036805
1.3436064720153809,1.3436064720153809,1.4578967094421387,1.4578967094421387,0.0003664
1.3357267379760742,1.3357267379760742,1.4499857425689697,1.4499857425689697,0.00036475
1.3274139165878296,1.3274139165878296,1.4645278453826904,1.4645278453826904,0.0003631
1.3546305894851685,1.3546305894851685,1.453141212463379,1.453141212463379,0.00036145
1.3356980085372925,1.3356980085372925,1.4601945877075195,1.4601945877075195,0.0003598
1.333512306213379,1.333512306213379,1.4513094425201416,1.4513094425201416,0.00035815
1.334385871887207,1.334385871887207,1.4596883058547974,1.4596883058547974,0.0003565
1.3468296527862549,1.3468296527862549,1.4542738199234009,1.4542738199234009,0.00035485
1.3351837396621704,1.3351837396621704,1.4553056955337524,1.4553056955337524,0.0003532
1.3339344263076782,1.3339344263076782,1.4521962404251099,1.4521962404251099,0.00035155
1.339540958404541,1.339540958404541,1.4570274353027344,1.4570274353027344,0.0003499
1.3339722156524658,1.3339722156524658,1.46056067943573,1.46056067943573,0.00034825
1.342678189277649,1.342678189277649,1.4676470756530762,1.4676470756530762,0.0003466
1.3328262567520142,1.3328262567520142,1.459661602973938,1.459661602973938,0.00034495
1.339272141456604,1.339272141456604,1.457714319229126,1.457714319229126,0.0003433
1.3352431058883667,1.3352431058883667,1.4580371379852295,1.4580371379852295,0.00034165
1.3428394794464111,1.3428394794464111,1.4559857845306396,1.4559857845306396,0.00034
1.344530701637268,1.344530701637268,1.4542137384414673,1.4542137384414673,0.00033835
1.3353896141052246,1.3353896141052246,1.4673320055007935,1.4673320055007935,0.0003367
1.331713318824768,1.331713318824768,1.4602031707763672,1.4602031707763672,0.00033505
1.3324065208435059,1.3324065208435059,1.463032841682434,1.463032841682434,0.0003334
1.3308955430984497,1.3308955430984497,1.464388370513916,1.464388370513916,0.00033175
1.3392382860183716,1.3392382860183716,1.459567666053772,1.459567666053772,0.0003301
1.3286738395690918,1.3286738395690918,1.4537960290908813,1.4537960290908813,0.00032845
1.3375931978225708,1.3375931978225708,1.4524343013763428,1.4524343013763428,0.0003268
1.3453035354614258,1.3453035354614258,1.455379605293274,1.455379605293274,0.00032515
1.3430997133255005,1.3430997133255005,1.4623701572418213,1.4623701572418213,0.0003235
1.3252921104431152,1.3252921104431152,1.4559929370880127,1.4559929370880127,0.00032185
1.3368326425552368,1.3368326425552368,1.4523439407348633,1.4523439407348633,0.0003202
1.3334050178527832,1.3334050178527832,1.4630682468414307,1.4630682468414307,0.00031855
1.3447165489196777,1.3447165489196777,1.4583178758621216,1.4583178758621216,0.0003169
1.3284454345703125,1.3284454345703125,1.458531379699707,1.458531379699707,0.00031525
1.3316622972488403,1.3316622972488403,1.4597959518432617,1.4597959518432617,0.0003136
1.337225079536438,1.337225079536438,1.4550226926803589,1.4550226926803589,0.00031195
1.3355859518051147,1.3355859518051147,1.4582456350326538,1.4582456350326538,0.0003103
1.3322169780731201,1.3322169780731201,1.4543051719665527,1.4543051719665527,0.00030865
1.3331629037857056,1.3331629037857056,1.461692214012146,1.461692214012146,0.000307
1.3413366079330444,1.3413366079330444,1.4554799795150757,1.4554799795150757,0.00030535
1.3302804231643677,1.3302804231643677,1.4547168016433716,1.4547168016433716,0.0003037
1.3426810503005981,1.3426810503005981,1.4572356939315796,1.4572356939315796,0.00030205
1.3327096700668335,1.3327096700668335,1.4509623050689697,1.4509623050689697,0.0003004
1.3285081386566162,1.3285081386566162,1.4553205966949463,1.4553205966949463,0.00029875
1.336809754371643,1.336809754371643,1.4548782110214233,1.4548782110214233,0.0002971
1.3274213075637817,1.3274213075637817,1.460739016532898,1.460739016532898,0.00029545
1.3256081342697144,1.3256081342697144,1.4585710763931274,1.4585710763931274,0.0002938
1.3348535299301147,1.3348536491394043,1.454254150390625,1.454254150390625,0.00029215
1.3300431966781616,1.3300431966781616,1.463109016418457,1.463109016418457,0.0002905
1.3336371183395386,1.3336371183395386,1.459751844406128,1.459751844406128,0.00028885
1.333377480506897,1.333377480506897,1.4530950784683228,1.4530950784683228,0.0002872
1.3318229913711548,1.3318229913711548,1.4571064710617065,1.4571064710617065,0.00028555
1.3312327861785889,1.3312327861785889,1.4594838619232178,1.4594838619232178,0.0002839
1.3357839584350586,1.3357839584350586,1.4532033205032349,1.4532033205032349,0.00028225
1.3224905729293823,1.3224905729293823,1.4558769464492798,1.4558769464492798,0.0002806
1.3371992111206055,1.3371992111206055,1.4537068605422974,1.4537068605422974,0.00027895
1.3337645530700684,1.3337645530700684,1.4577478170394897,1.4577478170394897,0.0002773
1.3332864046096802,1.3332864046096802,1.4608733654022217,1.4608733654022217,0.00027565
1.3320395946502686,1.3320395946502686,1.461721420288086,1.461721420288086,0.000274
1.3332451581954956,1.3332451581954956,1.4621787071228027,1.4621787071228027,0.00027235
1.3350697755813599,1.3350697755813599,1.4559279680252075,1.4559279680252075,0.0002707
1.3298182487487793,1.3298182487487793,1.4571893215179443,1.4571893215179443,0.00026905
1.3378424644470215,1.3378424644470215,1.455999732017517,1.455999732017517,0.0002674
1.3288993835449219,1.3288993835449219,1.4593952894210815,1.4593952894210815,0.00026575
1.3308817148208618,1.3308817148208618,1.457960605621338,1.457960605621338,0.0002641
1.3372820615768433,1.3372820615768433,1.4545329809188843,1.4545329809188843,0.00026245
1.3413009643554688,1.3413009643554688,1.4552407264709473,1.4552407264709473,0.0002608
1.3346102237701416,1.3346102237701416,1.4563534259796143,1.4563534259796143,0.00025915
1.3344792127609253,1.3344792127609253,1.4576921463012695,1.4576921463012695,0.0002575
1.329041600227356,1.329041600227356,1.4540647268295288,1.4540647268295288,0.00025585
1.3291451930999756,1.3291451930999756,1.4597550630569458,1.4597550630569458,0.0002542
1.3385263681411743,1.3385263681411743,1.456088662147522,1.456088662147522,0.00025255
1.3357033729553223,1.3357033729553223,1.4579265117645264,1.4579265117645264,0.0002509
1.334057331085205,1.334057331085205,1.4553786516189575,1.4553786516189575,0.00024925
1.3261311054229736,1.3261311054229736,1.455125093460083,1.455125093460083,0.0002476
1.3229314088821411,1.3229314088821411,1.4574838876724243,1.4574838876724243,0.00024595
1.339496374130249,1.3394962549209595,1.4641155004501343,1.4641155004501343,0.0002443
1.3275686502456665,1.3275686502456665,1.4557812213897705,1.4557812213897705,0.00024265
1.3294111490249634,1.3294111490249634,1.4581208229064941,1.4581208229064941,0.000241
1.3227388858795166,1.3227388858795166,1.4574228525161743,1.4574228525161743,0.00023935
1.3285059928894043,1.3285059928894043,1.4530816078186035,1.4530816078186035,0.0002377
1.3383649587631226,1.3383649587631226,1.4525598287582397,1.4525598287582397,0.00023605
1.3188462257385254,1.3188462257385254,1.4550601243972778,1.4550601243972778,0.0002344
1.3193094730377197,1.3193094730377197,1.4543317556381226,1.4543317556381226,0.00023275
1.3337105512619019,1.3337105512619019,1.4549298286437988,1.4549298286437988,0.0002311
1.327883243560791,1.327883243560791,1.4542088508605957,1.4542088508605957,0.00022945
1.3390133380889893,1.3390133380889893,1.4575709104537964,1.4575709104537964,0.0002278
1.3235540390014648,1.3235540390014648,1.4586256742477417,1.4586256742477417,0.00022615
1.3245455026626587,1.3245455026626587,1.4533603191375732,1.4533603191375732,0.0002245
1.321649432182312,1.321649432182312,1.4550678730010986,1.4550678730010986,0.00022285
1.3274219036102295,1.3274219036102295,1.4593068361282349,1.4593068361282349,0.0002212
1.3415768146514893,1.3415768146514893,1.4481512308120728,1.4481512308120728,0.00021955
1.332061529159546,1.332061529159546,1.4533288478851318,1.4533288478851318,0.0002179
1.3241736888885498,1.3241736888885498,1.4561846256256104,1.4561846256256104,0.00021625
1.329407811164856,1.329407811164856,1.4525508880615234,1.4525508880615234,0.0002146
1.3226549625396729,1.3226549625396729,1.4514806270599365,1.4514806270599365,0.00021295
1.3253419399261475,1.3253419399261475,1.4528658390045166,1.4528658390045166,0.0002113
1.3267992734909058,1.3267992734909058,1.460282325744629,1.460282325744629,0.00020965
1.3334566354751587,1.3334566354751587,1.4619367122650146,1.4619367122650146,0.000208
1.3273181915283203,1.3273181915283203,1.458439826965332,1.458439826965332,0.00020635
1.315220832824707,1.315220832824707,1.4593615531921387,1.4593615531921387,0.0002047
1.3227300643920898,1.3227300643920898,1.4553567171096802,1.4553567171096802,0.00020305
1.3294131755828857,1.3294131755828857,1.4543319940567017,1.4543319940567017,0.0002014
1.3237295150756836,1.3237295150756836,1.4543125629425049,1.4543125629425049,0.00019975
1.3371819257736206,1.3371819257736206,1.4573298692703247,1.4573298692703247,0.0001981
1.333336591720581,1.333336591720581,1.4558604955673218,1.4558604955673218,0.00019645
1.325441598892212,1.325441598892212,1.4545596837997437,1.4545596837997437,0.0001948
1.3310633897781372,1.3310633897781372,1.45480215549469,1.45480215549469,0.00019315
1.334206461906433,1.334206461906433,1.4566395282745361,1.4566395282745361,0.0001915
1.3234895467758179,1.3234895467758179,1.4543503522872925,1.4543503522872925,0.00018985
1.3278549909591675,1.3278549909591675,1.457276463508606,1.457276463508606,0.0001882
1.3254563808441162,1.3254563808441162,1.4587346315383911,1.4587346315383911,0.00018655
1.334661841392517,1.334661841392517,1.4570361375808716,1.4570361375808716,0.0001849
1.325499415397644,1.325499415397644,1.4544401168823242,1.4544401168823242,0.00018325
1.3242579698562622,1.3242579698562622,1.4512981176376343,1.4512981176376343,0.0001816
1.3241082429885864,1.3241082429885864,1.4579873085021973,1.4579873085021973,0.00017995
1.318259596824646,1.318259596824646,1.4543837308883667,1.4543837308883667,0.0001783
1.3219434022903442,1.3219434022903442,1.4521689414978027,1.4521689414978027,0.00017665
1.3140286207199097,1.3140286207199097,1.454026699066162,1.454026699066162,0.000175
1.3273195028305054,1.3273195028305054,1.4573277235031128,1.4573277235031128,0.00017335
1.331337809562683,1.331337809562683,1.4533551931381226,1.4533551931381226,0.0001717
1.3233177661895752,1.3233177661895752,1.4557429552078247,1.4557429552078247,0.00017005
1.315527081489563,1.315527081489563,1.4599714279174805,1.4599714279174805,0.0001684
1.3321597576141357,1.3321597576141357,1.4555845260620117,1.4555845260620117,0.00016675
1.3201582431793213,1.3201582431793213,1.4592727422714233,1.4592727422714233,0.0001651
1.3261163234710693,1.3261163234710693,1.4550702571868896,1.4550702571868896,0.00016345
1.3260514736175537,1.3260514736175537,1.4580895900726318,1.4580895900726318,0.0001618
1.3237266540527344,1.3237266540527344,1.4542087316513062,1.4542087316513062,0.00016015
1.3313970565795898,1.3313970565795898,1.4575542211532593,1.4575542211532593,0.0001585
1.3251466751098633,1.3251466751098633,1.4545259475708008,1.4545259475708008,0.00015685
1.3260624408721924,1.3260624408721924,1.4621169567108154,1.4621169567108154,0.0001552
1.3246464729309082,1.3246464729309082,1.4521491527557373,1.4521491527557373,0.00015355
1.3292500972747803,1.3292500972747803,1.451263189315796,1.451263189315796,0.0001519
1.3141449689865112,1.3141449689865112,1.455885648727417,1.455885648727417,0.00015025
1.322644829750061,1.322644829750061,1.4521286487579346,1.4521286487579346,0.0001486
1.3141783475875854,1.3141779899597168,1.453762412071228,1.453762412071228,0.00014695
1.3242509365081787,1.3242509365081787,1.4527033567428589,1.4527033567428589,0.0001453
1.319003939628601,1.319003939628601,1.455172061920166,1.455172061920166,0.00014365
1.324744462966919,1.324744462966919,1.4569313526153564,1.4569313526153564,0.000142
1.3153868913650513,1.3153868913650513,1.4534257650375366,1.4534257650375366,0.00014035
1.3220900297164917,1.3220900297164917,1.454897165298462,1.454897165298462,0.0001387
1.3076305389404297,1.3076305389404297,1.455551028251648,1.455551028251648,0.00013705
1.3213434219360352,1.3213434219360352,1.4519548416137695,1.4519548416137695,0.0001354
1.323775053024292,1.323775053024292,1.4534885883331299,1.4534885883331299,0.00013375
1.331433892250061,1.331433892250061,1.4529521465301514,1.4529521465301514,0.0001321
1.3160489797592163,1.3160489797592163,1.455822229385376,1.455822229385376,0.00013045
1.3203462362289429,1.3203463554382324,1.4562397003173828,1.4562397003173828,0.0001288
1.3268009424209595,1.3268009424209595,1.4569823741912842,1.4569823741912842,0.00012715
1.328147053718567,1.328147053718567,1.454561471939087,1.454561471939087,0.0001255
1.3323681354522705,1.3323681354522705,1.4540672302246094,1.4540672302246094,0.00012385
1.3267110586166382,1.3267110586166382,1.4571195840835571,1.4571195840835571,0.0001222
1.3238235712051392,1.3238235712051392,1.454880952835083,1.454880952835083,0.00012055
1.321250557899475,1.321250557899475,1.4533543586730957,1.4533543586730957,0.0001189
1.3196825981140137,1.3196825981140137,1.4564759731292725,1.4564759731292725,0.00011725
1.3282912969589233,1.3282912969589233,1.4527812004089355,1.4527812004089355,0.0001156
1.3268487453460693,1.3268487453460693,1.4563051462173462,1.4563051462173462,0.00011395
1.32167387008667,1.32167387008667,1.4536188840866089,1.4536188840866089,0.0001123
1.3186360597610474,1.3186360597610474,1.4565218687057495,1.4565218687057495,0.00011065
1.3092119693756104,1.3092119693756104,1.4552979469299316,1.4552979469299316,0.000109
1.3157835006713867,1.3157835006713867,1.4563051462173462,1.4563051462173462,0.00010735
1.3251210451126099,1.3251210451126099,1.4540343284606934,1.4540343284606934,0.0001057
1.3258590698242188,1.3258590698242188,1.45442795753479,1.45442795753479,0.00010405
1.3262032270431519,1.3262032270431519,1.4532161951065063,1.4532161951065063,0.0001024
1.3214210271835327,1.3214210271835327,1.45608651638031,1.45608651638031,0.00010075
1.3161966800689697,1.3161966800689697,1.4567521810531616,1.4567521810531616,9.91e-05
1.3233718872070312,1.3233718872070312,1.4508918523788452,1.4508918523788452,9.745e-05
1.3244569301605225,1.3244569301605225,1.4554122686386108,1.4554122686386108,9.58e-05
1.3275656700134277,1.3275656700134277,1.454587697982788,1.454587697982788,9.415e-05
1.3235774040222168,1.3235774040222168,1.4554870128631592,1.4554870128631592,9.25e-05
1.329142451286316,1.329142451286316,1.4540868997573853,1.4540868997573853,9.085e-05
1.3151510953903198,1.3151510953903198,1.4547697305679321,1.4547697305679321,8.92e-05
1.3115986585617065,1.3115986585617065,1.4577336311340332,1.4577336311340332,8.755e-05
1.3232091665267944,1.3232091665267944,1.4560002088546753,1.4560002088546753,8.59e-05
1.3196696043014526,1.3196696043014526,1.452553153038025,1.452553153038025,8.425e-05
1.3129431009292603,1.3129431009292603,1.4538177251815796,1.4538177251815796,8.26e-05
1.3144742250442505,1.3144742250442505,1.4557085037231445,1.4557085037231445,8.095e-05
1.3223743438720703,1.3223743438720703,1.4575444459915161,1.4575444459915161,7.93e-05
1.3150254487991333,1.3150254487991333,1.4524487257003784,1.4524487257003784,7.765e-05
1.3217779397964478,1.3217779397964478,1.455926775932312,1.455926775932312,7.6e-05
1.3215383291244507,1.3215383291244507,1.4529457092285156,1.4529457092285156,7.435e-05
1.316384196281433,1.316384196281433,1.4563266038894653,1.4563266038894653,7.27e-05
1.3181291818618774,1.3181291818618774,1.4571071863174438,1.4571071863174438,7.105e-05
1.3069816827774048,1.3069816827774048,1.4551821947097778,1.4551821947097778,6.94e-05
1.320084810256958,1.320084810256958,1.4547017812728882,1.4547017812728882,6.775e-05
1.316954493522644,1.3169546127319336,1.4548754692077637,1.4548754692077637,6.61e-05
1.3138172626495361,1.3138172626495361,1.4537851810455322,1.4537851810455322,6.445e-05
1.3184140920639038,1.3184140920639038,1.4526145458221436,1.4526145458221436,6.28e-05
1.3210475444793701,1.3210475444793701,1.454394817352295,1.454394817352295,6.115e-05
1.3192713260650635,1.3192713260650635,1.4539986848831177,1.4539986848831177,5.95e-05
1.3125861883163452,1.3125861883163452,1.4542161226272583,1.4542161226272583,5.785e-05
1.3085658550262451,1.3085658550262451,1.4539811611175537,1.4539811611175537,5.62e-05
1.3226282596588135,1.3226282596588135,1.4555059671401978,1.4555059671401978,5.455e-05
1.324591040611267,1.324591040611267,1.4538090229034424,1.4538090229034424,5.29e-05
1.3273743391036987,1.3273743391036987,1.4544724225997925,1.4544724225997925,5.125e-05
1.3163888454437256,1.3163888454437256,1.4555691480636597,1.4555691480636597,4.96e-05
1.3241193294525146,1.3241193294525146,1.4537931680679321,1.4537931680679321,4.795e-05
1.3160152435302734,1.3160152435302734,1.453272819519043,1.453272819519043,4.63e-05
1.3175532817840576,1.3175532817840576,1.454321265220642,1.454321265220642,4.465e-05
1.3138377666473389,1.3138377666473389,1.4528582096099854,1.4528582096099854,4.3e-05
1.3221278190612793,1.3221278190612793,1.4540190696716309,1.4540190696716309,4.135e-05
1.315122127532959,1.315122127532959,1.4542210102081299,1.4542210102081299,3.97e-05
1.3242038488388062,1.3242038488388062,1.4537111520767212,1.4537111520767212,3.805e-05
1.3218095302581787,1.3218094110488892,1.4542995691299438,1.4542995691299438,3.64e-05
1.3169770240783691,1.3169770240783691,1.4538278579711914,1.4538278579711914,3.475e-05
1.325764775276184,1.325764775276184,1.4536700248718262,1.4536700248718262,3.31e-05
1.310288667678833,1.310288667678833,1.454283356666565,1.454283356666565,3.145e-05
1.3200907707214355,1.3200907707214355,1.4562594890594482,1.4562594890594482,2.98e-05
1.3172715902328491,1.3172715902328491,1.456259846687317,1.456259846687317,2.815e-05
1.3229281902313232,1.3229281902313232,1.4552148580551147,1.4552148580551147,2.65e-05
1.3202444314956665,1.3202444314956665,1.4552384614944458,1.4552384614944458,2.485e-05
1.3132425546646118,1.3132425546646118,1.4550241231918335,1.4550241231918335,2.32e-05
1.3126215934753418,1.3126215934753418,1.4547879695892334,1.4547879695892334,2.155e-05
1.3185557126998901,1.3185557126998901,1.4554389715194702,1.4554389715194702,1.99e-05
1.327298641204834,1.327298641204834,1.4558360576629639,1.4558360576629639,1.825e-05
1.3081450462341309,1.3081450462341309,1.4546265602111816,1.4546265602111816,1.66e-05
1.3137454986572266,1.3137454986572266,1.4544718265533447,1.4544718265533447,1.495e-05
1.3158860206604004,1.3158860206604004,1.4541733264923096,1.4541733264923096,1.33e-05
1.313976526260376,1.313976526260376,1.4549224376678467,1.4549224376678467,1.165e-05
